Review Title,DateandGroup,Description,Contributions,Compound,Positive,Neutral,Negative,Sentiment,Date,Group
Delicious!,Jun 2024 ‚Ä¢ Couples,Good food and friendly service! Portions are huge so expect to have leftovers if you don‚Äôt share. We would return for sure!,13 contributions,0.9097,0.442,0.558,0.0,Positive,Jun 2024,Couples
Worth the trip to Marco,Jun 2024 ‚Ä¢ Family,I ordered the Doreen‚Äôs Salad and it may have been the best salad I have ever had in my life. The blackened chicken was amazing. The garlic knots were mouth watering. We loved every meal we had there. We are back home and now I am craving this place. We were on the island 7 days and ate here 4 times. The only reason we didn‚Äôt go every day was because my daughter was embarrassed to go so much‚Ä¶.,63 contributions,0.886,0.141,0.829,0.03,Positive,Jun 2024,Family
Average and Pricey,Jun 2024 ‚Ä¢ Family,"We ordered a Philly cheesesteak Stromboli, salad, and a large pizza. The Stromboli was huge and very good. I thought the pizza was below average. In my opinion, it was not worth the price it cost. Salad was well-received. The garlic knots aren‚Äôt as good as they used to be.",,0.7918,0.163,0.806,0.031,Positive,Jun 2024,Family
Top Notch!,Jun 2024 ‚Ä¢ Couples,"Best chicken finger sandwich (sub) outside of Buffalo. Service and delivery to a local hotel was exceptional & fast - they even included plates and napkins. Pizza, sub & salad were all top notch!",,0.7424,0.183,0.817,0.0,Positive,Jun 2024,Couples
Get the Sausage!!!,May 2024 ‚Ä¢ Couples,"No trip to Marco is complete for our family until we have a pizza from Joey's! We LOVE their pizza! They are generous with the toppings, and their crumbled sausage is soooo good! We highly recommend them!",147 contributions,0.9312,0.313,0.642,0.046,Positive,May 2024,Couples
Now that's Italian!,Apr 2024 ‚Ä¢ Family,"Decided to check this out - had a great table on the patio. Prompt service, and honestly some of the best Italian food that we have ever had! I had lasagna (huge!), and my wife had the Caprese salad. Very conveniently located right on ""Hotel row"".",11 contributions,0.9167,0.229,0.771,0.0,Positive,Apr 2024,Family
Over-priced us out of ever going back,Mar 2024 ‚Ä¢ Family,"We ordered two dishes for takeout from Joey‚Äôs; a large two topping pizza and penne alla vodka. The bill came to $52 which is way too much. They are price gouge the tourists. My family‚Äôs been coming here since 1950 and this makes me really angry. On top of it, the penne alla vodka was bland and overall disappointing. Arrivederci Joey!!",,-0.7441,0.031,0.858,0.111,Negative,Mar 2024,Family
Good plentiful food,Mar 2024 ‚Ä¢ Family,"Good food served in large portions with really good service too! Everyone, meat eaters and vegetarians too were very happy.",2 contributions,0.8854,0.379,0.621,0.0,Positive,Mar 2024,Family
Food Safety and Inexperienced Management,Mar 2024 ‚Ä¢ Family,WARNING: Don't go here if you have food allergy. Kitchen staff and management do not follow proper food safety precautions. Wait staff doesn't know what food items have allergens and management said they cannot control their kitchen.,,-0.0857,0.068,0.855,0.077,Negative,Mar 2024,Family
A must do for our family,Feb 2024 ‚Ä¢ Family,"We walk here from South Seas Towers, so that‚Äôs always a winner, but this place always nails it in terms of truly thin crust pizza with great options, a family style salad with garlic knots (wow), meatballs, great service and wines and‚Ä¶.ok, we love it and consider it one of the best casual Italian spots in the country.",82 contributions,0.9877,0.391,0.609,0.0,Positive,Feb 2024,Family
Meant to try,Feb 2024 ‚Ä¢ Friends,"No complaints. We were looking for a restaurant when our Waze kept saying we arrived so we tried it. Great service and yummy food. Nice portions when we ordered the eggplant appetizer enough for 2, the eggplant parmesan, and spinach lasagna. And don‚Äôt forget the key lime pie!",144 contributions,0.6996,0.181,0.702,0.116,Positive,Feb 2024,Friends
Cold food terrible service,Feb 2024 ‚Ä¢ Family,Been there many times Ordered wine that took 40 mins to bring to the table Ordered a Stromboli that took 45 mins and was ice cold on the middle No manager came to apologize or try to make things right,16 contributions,-0.2023,0.034,0.911,0.054,Negative,Feb 2024,Family
Large quantities of terrible food,Dec 2023 ‚Ä¢ Family,"A busy family spot, with mediocre food they claim (incorrectly) is Italian. This place seems to be a clone of Vinny Testa's, a now-defunct Boston eatery famed for serving gargantuan quantities of terrible food. The white pizza we ordered had to be the worst pizza I've ever had. Kids pizza tasted like cardboard. Those who ordered pastas were happier, although the oversauced dishes looked unappetizing and somebody who ordered chicken later complained of a stomache ache. Only saving grace is the service was brisk and they have large tables for big groups. Ceasar salad was passable, barely. Avoid if possible.",,-0.6258,0.092,0.779,0.129,Negative,Dec 2023,Family
The worst,Dec 2023 ‚Ä¢ Friends,The worst pizza Sick every time eat there They now own Doreen‚Äôs and La mesa So bad we left our meals and walked out Avoid!!!!,1 contribution,-0.924,0.0,0.64,0.36,Negative,Dec 2023,Friends
DELICIOUS,Dec 2023 ‚Ä¢ Family,Absolutely divine. This place has the best Italian food ever( at least in Florida) highly recommend. Definitely coming back,3 contributions,0.9308,0.48,0.52,0.0,Positive,Dec 2023,Family
Enjoyed the pizza at Joey's,Oct 2023 ‚Ä¢ Couples,"Had the soup but was not hot and the waitress quickly attended to it. The pizza was delicious and they made it to our specs. We like cheese on top. Wanted crisp NY crust and it was exactly that. A small is really a large size, can't imagine the large. We brougt half home. It is noisy and more of a pub atmosphere. Sport screens at bar but tables around There is outdoor seating also.",23 contributions,0.8573,0.13,0.844,0.025,Positive,Oct 2023,Couples
Pizza Night,Oct 2023 ‚Ä¢ Family,The small pizza here is huge. The pizza has generous toppings. The salad was great. The ravioli was fantastic.,106 contributions,0.9231,0.47,0.53,0.0,Positive,Oct 2023,Family
Terrible Joey's Pizza and Pasta.,Oct 2023 ‚Ä¢ Family,"They say the prices are on the web site. I tried to order online. I could not. We had a 2"" deep pizza with 4 items and a bland chicken soup. It cost $49.00. Never spent so much for pizza. The food wasn't good. Dont waste your money !!!",,-0.6449,0.0,0.889,0.111,Negative,Oct 2023,Family
The best pizza!,Sept 2023 ‚Ä¢ Couples,"Large servings, great pizza, and fast service. Atmosphere is loud due to the bar area (the air the latest games) but all in all a great place to grab a bite. Try the penne Vida, delish!",,0.8588,0.21,0.79,0.0,Positive,Sept 2023,Couples
Great Italian restaurant,Sept 2023 ‚Ä¢ Couples,We had the Sicilian style pizza. 2‚Äù breaded crust. The large is Huge!!! The crust is very light and it us a lot if bread- so if that‚Äôs not your style they have two other options. The eggplant was wonderful. No heavy breading. Large portion. Garlic rolls are very good. Side salads are very k look are and good. Order dressing on side. Balsamic is very tart and heavy. Tiramisu some if the best ever.,39 contributions,0.9456,0.201,0.773,0.025,Positive,Sept 2023,Couples
Love the pizza!,Aug 2023 ‚Ä¢ Family,"We were on vacation in Marco, and decided on staying in for dinner, and pizza sounded great. If you go to their website, it said that they weren't taking online orders, so we were confused whether or not we could order carry out. We gave them a call, and they clarified that they would take phone orders, they just weren't doing online orders. We ordered a large pepperoni, pizza, and an order of the garlic knots. Pizza was delicious! We are normally thin crust fans, but went with the regular hand tossed style, and enjoyed it very much. The garlic knots had mixed reviews. They were definitely buttery and garlicky, but were very thick and doughy. Personally, it was a little overwhelming to me, and I wasn't a big fan, but the rest of the group enjoyed them. We will definitely order Joeys again!",805 contributions,0.9737,0.161,0.812,0.026,Positive,Aug 2023,Family
Joey‚Äôs way is the way,Jun 2023 ‚Ä¢ Family,"This is always in our rotation when we stay on Marco. The day we arrive we get it to-go and on our last night we eat at the restaurant. And if we stay long enough we get it in the idle of the trip as well. The Joeys way crust, which is thin and cut in squares, is the closest thing to Chicago tavern style that I‚Äôve found on the island. We get pepperoni instead of sausage but I‚Äôve had the sausage it definitely reminds me of the sausage I‚Äôd get in Chicago. I have noticed the prices have gone up significantly but that is just reality these days. I think a large thin crust pep is like $25 or $28. I‚Äôm addition to the pizza my wife is a big fan of the Caesar salad, really likes the dressing. Will typically get an extra one for the next day. I also like their take on key lime pie, a bit richer with some white chocolate mixed so not traditional but still good. It‚Äôs worth noting that when we went in mid June for an early dinner around 6, it‚Äôs pretty hot out and the sun is shining it does get pretty warm inside the restaurant. Like warm enough that you don‚Äôt want to hang around any longer than you have to. My wife actually said she was sweating. There is a lot of movement through the doors with the tables outside and people coming and going through the front door.",1360 contributions,0.9927,0.171,0.823,0.006,Positive,Jun 2023,Family
Good food a day nice atmosphere,Jun 2023 ‚Ä¢ Couples,Very nice restaurant with good food. Two different types of lasagna both are very good. Pizzas were expensive but looked good.,19 contributions,0.8315,0.366,0.634,0.0,Positive,Jun 2023,Couples
Good Food and efficient service,May 2023 ‚Ä¢ Family,On our first evening in Marco we choose Joeys and we weren‚Äôt disappointed as the food was very good and tasty whilst the service was efficient. Reccomend,605 contributions,0.4391,0.181,0.725,0.094,Positive,May 2023,Family
Average pizza,May 2023 ‚Ä¢ Couples,Garlic knots are basically just large dinner tools. Not bad but not great. We have gotten to go twice now from them and won‚Äôt again.,,-0.5448,0.066,0.783,0.151,Negative,May 2023,Couples
Cardboard Pizza,May 2023 ‚Ä¢ None,"This had to be the worst pizza I ever ate in my life. If you like cardboard then you'll love the Pizza, but if your looking for good pizza, I recommend you pass this place by. Garlic knots were horrible and mozzarella sticks pretty bad too. If you want just french fries, this is the place for you. The only thing good that we got. Overpiced too$$$$$",,0.7906,0.239,0.624,0.137,Positive,May 2023,None
Worst pizza we‚Äôve even eaten in our lives,Apr 2023 ‚Ä¢ None,"This had to be the most god awful pizza our family of four has ever eaten. We ordered a large New York style pizza and also a large Sicilian pizza with ham and chicken. Bill was $72 for TAKE OUT! Get the pizzas back to our condo and as soon as we opened the box, they didn‚Äôt look great. We all agreed they were both terrible. Completely flavorless! Cheese had no flavor, sauce had no flavor and crust was truly the worst we have ever had (both the New York style and the Sicilian style). DO NOT WASTE YOUR MONEY GETTING PIZZA FROM HERE. Anywhere else on Marco has to be better.",,0.4539,0.136,0.752,0.113,Positive,Apr 2023,None
Won‚Äôt be back,Apr 2023 ‚Ä¢ Family,"We had been to Joey‚Äôs in the past and enjoyed it. My daughter and our grandchildren were visiting and we thought that this would be a good place for dinner. I ordered the traditional pizza with meatballs. The crust was not crisp, the meatballs were little cubes that were as hard as hockey pucks. My grandson ordered linguine and meatballs. The meatballs were a disturbing dark brown and were dry with no flavor. The other entrees were just average‚Ä¶calzone, stuffed eggplant. The server was very good and attentive. The straw that broke the camels back was in the restroom. As I was washing my hands, one of the kitchen staff emerged from a stall and left the restroom without washing his hands. This completely turned me off. Also, no sign in the restroom for employees to wash their hands before returning to work. Having worked in the restaurant industry as an owner, this is a training issue. Very disappointing. We will not be back.",,-0.7264,0.052,0.849,0.099,Negative,Apr 2023,Family
"Staffed, clean and ran like a well oiled machine",Apr 2023 ‚Ä¢ Couples,"One of the last places we ate at on our vacation. We would have gone a second time and definitely will go here again next year! We had salad and pizza...fabulous! The restaurant was well staffed, clean and ran like a well oiled machine.",34 contributions,0.893,0.255,0.745,0.0,Positive,Apr 2023,Couples
Busy but worth it,Mar 2023 ‚Ä¢ None,"Best value lunch we had on the whole island. Did the soup and half sandwich and took some home. But don't skip the bread with the soup...so worth it. Pizza is good, too, but we had that on another visit.",,0.8591,0.226,0.774,0.0,Positive,Mar 2023,None
Just average,Jan 2023 ‚Ä¢ None,"Parking is a mess, additional parking in the back that is blocked off. Food is OK, had the chicken parm, could have been better. Garlic knots on the other amazing. Food pricing on the higher side.",,0.7213,0.218,0.678,0.104,Positive,Jan 2023,None
Over the Top & Beyond !,Feb 2023 ‚Ä¢ None,"After a long day of travel we reached our condo late afternoon. First time our new pup came with us and truthfully from what I had seen, (or should say not seen ) I wasn't sure how pet friendly Marco would be. We could not have picked a more perfect first experience. The awesome staff could not get enough of our very excited puppy Peach. They were so welcoming ! We weren't there 10 minutes when the manager came running over with a bowl of ice-water. He & all the servers loved over our Peach. It made me feel so totally relaxed after being very apprehensive. DID I MENTION HOW GREAT THE FOOD WAS ?! We have gone there in the past many times; simply can not go wrong. And now seeing how my Peach was welcomed, we will certainly be going more often. Btw, I had calamari, meatballs , soup ....my hubby had chicken milanese twice ! THANK YOU !",,0.9932,0.265,0.735,0.0,Positive,Feb 2023,None
Popular Pizza/Pasta Spot,Mar 2023 ‚Ä¢ None,"A very casual indoor/outdoor spot on Collier Ave on Marco Island. Considering how crazy busy things are ""in season"" here, the service was OK. Food was pretty good, and the servings were huge...most of our group left with a box. One of the minor complaints is that because we had four couples, we asked if they would take our orders ""boy, girl""...""we don't do that"". Not a deal breaker, but when you're not prepared for that, we're all trying to break large bills so we can at least divvy up the total 4 ways. Don't want to torch them for that because the food was good, the rest of the experience, OK.",116 contributions,0.8566,0.127,0.815,0.057,Positive,Mar 2023,None
Best pizza around. Amazing staff,Feb 2023 ‚Ä¢ Couples,Joeys was so good we went there three times on our stay. The staff and food is amazing. Highly recommend when in Marco island pizza is big and great.,181 contributions,0.9375,0.366,0.634,0.0,Positive,Feb 2023,Couples
Horrible services,Feb 2023 ‚Ä¢ Family,"We came on Sunday. The restaurant is at half capacity. We were seated right away. From there, it was a poor experience. We didn‚Äôt receive our drinks, not even water, for over 20 minutes .Our appetizer garlic bread came out, and I mentioned it to another employee, as our waiter was no where to be found . Then the rest of our food came out , and still we had no drinks . Not even water. Then it was a long time to get our check . There are too many good places to eat in Marco, I will never come back here",,-0.5574,0.029,0.897,0.074,Negative,Feb 2023,Family
Don‚Äôt Order the Gluten Free Pizza,Feb 2023 ‚Ä¢ None,"They don‚Äôt use a good crust. It is thin and tasteless. They don‚Äôt know how to use toppings proportionate to the size of the gluten free shell. My husband‚Äôs regular pizza was fine. But the gluten free pizza, even when it wasn‚Äôt burned like the first one, was not good. Since you start with a base price of $19, and it‚Äôs $2 for each topping, save your money and buy a frozen gluten free pizza in the market.",8 contributions,0.9771,0.278,0.722,0.0,Positive,Feb 2023,None
Time to review procedures,Feb 2023 ‚Ä¢ Couples,"Sadly very disappointed Ordered 2 pizzas for table 1 arrived,2nd one 25 minutes later Cheese and pepperoni not fully done and crispy",619 contributions,-0.7346,0.0,0.744,0.256,Negative,Feb 2023,Couples
Great dinner and wonderful service!,Dec 2022 ‚Ä¢ Family,There are 16 of us in our family and we enjoyed a delicious dinner at Joey‚Äôs. They were so accommodating for our large group. The cocktails were delicious and the food was amazing. Our server was excellent. The pizza is delicious as well as the different pastas and salads. We have eaten here twice this week and both times it was delicious.,,0.9812,0.343,0.657,0.0,Positive,Dec 2022,Family
Out of this world,Dec 2022 ‚Ä¢ Couples,"We are regularly in search of ‚ÄúTHE BEST‚Äù pizza, from Connecticut and NY to Florida to Texas. With their homemade vodka sauce on one of their pizzas, we may have found it. I will be thinking about this pizza til we are back on Marco. Delicious flavor, great house salad, melt in your mouth garlic knot, and true coal-fired crust. Small pizza is huge! Do yourself a favor and go there soon!",,0.9449,0.199,0.801,0.0,Positive,Dec 2022,Couples
Great pizza...no lie!!,Dec 2022 ‚Ä¢ Couples,"We have done New Haven pizza, Chicago and many other places, but Joey's is easily in the top 10 ever...ingredients ..flavor...amount of toppings...crust...service...just fantastic!!! Loved it and we will be back!!!!",3 contributions,0.9566,0.382,0.618,0.0,Positive,Dec 2022,Couples
Great for Take Out,Nov 2022 ‚Ä¢ Family,"We ordered the deep dish and the regular (thin) crust - both were great! We got the largest size and they were plenty big to feed hungry, tired beach folks. Heavy toppings and sauce - very tasty and piping hot! Meatballs were good as well - about the size of a golfball, so 3 to an order was not really enough to share. The tiramisu and spumoni are not to be missed - wowza! It took about 45 mins to pick up after placing the order - definitely plan give yourself time to deal with the hassle of parking. Worth it tho!!",4 contributions,0.9362,0.176,0.797,0.027,Positive,Nov 2022,Family
"Fabulous, every time!",Nov 2022 ‚Ä¢ Friends,"Went to Joey‚Äôs with friends, short wait as we were a party of 8, so worth it!! I was craving the Baratta Salad, my husband had lasagna. Good waiter, we will be back!",192 contributions,0.9015,0.309,0.691,0.0,Positive,Nov 2022,Friends
A wonderful dining experience.,Nov 2022 ‚Ä¢ None,"Our first dinner on vacation to Marco Island was at Joey‚Äôs Pizza. Nice open ambiance with very friendly servers. For a starter, Escarole soup was ordered. Fabulous taste, wonderful broth. Served with a garlic knot which was some of the best we had. Next up I ordered theCold Broccoli Salad with a light lemon vinaigrette and Kalimantan olives with red peppers. Excellent and a meal of itself. Entrees were the Chicken Caruso in a wonderful broth and saut√©ed spinach and the Chicken Limone with linguine. The chicken in each was tender enough to be cut with a fork, linguine cooked to perfection, Al dente. A wonderful meal all around. This will be a recommended restaurant to all my friends and family that visit.",298 contributions,0.9884,0.264,0.721,0.015,Positive,Nov 2022,None
Joey's,Oct 2022 ‚Ä¢ None,"Came in for dinner with a group from work. The food is amazing! Even their blueberry mule cocktail was great. The pizza is incredible (and huge!). Our waitress had a difficult time splitting our group's checks individually, but we didn't even mind after such a great dinner.",455 contributions,0.8869,0.211,0.756,0.033,Positive,Oct 2022,None
We Love Joey's,Sept 2022 ‚Ä¢ None,We often spend a week on Marco and always have a pizza night overlooking the south beach. Joey's helps us keep to our goal of eating every meal outside when we go to Marco Island. Meatball pizza is our favorite but they have a good menu. Highly recommended (by us).,61 contributions,0.8515,0.193,0.807,0.0,Positive,Sept 2022,None
Stromboli,Sept 2022 ‚Ä¢ Couples,Veggies inside of Stromboli weren‚Äôt cooked. Stromboli was very large but cost was $20 which seems high. It was ok May go back.,,0.4215,0.113,0.887,0.0,Positive,Sept 2022,Couples
"Girl's Trip, Oh Sip!",Sept 2022 ‚Ä¢ None,"Ordered pizza to be delivered last night on Island. Delivered on time. Pizza very good. Ordered one small and one large, but got two large. Not sure if paying for two large, but still good pizza.",,0.605,0.153,0.789,0.058,Positive,Sept 2022,None
"Terrible pizza, much better options elsewhere",Aug 2022 ‚Ä¢ None,The pizza was expensive and not good. We had it delivered so perhaps it would be better at the restaurant. The crust is thin and soggy to the point where you couldn't pick up a slice without it falling apart and having to eat it with a fork out of the box. The toppings were not flavorful and it was light on sauce.,12 contributions,0.2354,0.067,0.896,0.037,Positive,Aug 2022,None
Great Pizza.,Sept 2022 ‚Ä¢ Family,The pizza was delicious and the staff was very attentive. It has a nice atmosphere very family oriented. Would definitely recommend and will be back,142 contributions,0.8934,0.369,0.631,0.0,Positive,Sept 2022,Family
Great stop for casual dinner,Aug 2022 ‚Ä¢ None,"We ordered the garlic bread and ""everything"" pizza. Both were delicious with crisp crust, fresh ingredients, appetizing appearance and friendly to the taste buds. There is an outside venue, complete with a solo musician. We chose inside because the evening had brought some wind. The interior is not fancy, but we were comfortable, and the service was fine.",14 contributions,0.8945,0.197,0.803,0.0,Positive,Aug 2022,None
Unappetising and disappointing,Aug 2022 ‚Ä¢ Family,Ordered 2 large pizzas for takeout at a cot of $60. Service at this takeout was unhelpful and rude. Pizza was dry and cold and lacked flavour. Value for money was very poor. Frozen pizza would have been a better option!,252 contributions,-0.3367,0.115,0.739,0.145,Negative,Aug 2022,Family
Automatic 20% gratuity on a party of 4??,Jul 2022 ‚Ä¢ Family,"We have been visiting Joey‚Äôs for years and we love the food. We received the bill and gratuity was already added at 20%. We would‚Äôve tipped this, but we didn‚Äôt have an option to do so. When we questioned it, our server said it was normal. Our response was that we were here earlier in the week and it was not added. He said that they told him it was normal and we moved on. The menu states that 18% gratuity would be added for parties of 6 or more and we were only a party of 4. We didn‚Äôt receive adequate attention and we had to make requests multiple times. We also noticed that a more expensive glass of wine was charged than the glass ordered. We are disappointed because we really like this restaurant!",24 contributions,0.8265,0.107,0.837,0.056,Positive,Jul 2022,Family
Delicious!!,Jul 2022 ‚Ä¢ None,"We stopped for lunch on the way home from kayaking. The food was delicious - pizza was great, chicken parm sandwich was fabulous. Portions are large and the beer is cold. It was a great experience.",202 contributions,0.9371,0.331,0.628,0.041,Positive,Jul 2022,None
Never again‚Ä¶.,Jul 2022 ‚Ä¢ Couples,"Been going to joeys forever and it used to be one of my favorites but it has gotten so bad‚Ä¶ bad service, food never comes as ordered, they bring the food 2 seconds after getting salad, and food has gone downhill and expensive for nothing, I could go to 5th ave for the price they charge for a piece of chicken‚Ä¶ never again‚Ä¶ done!",,-0.6767,0.029,0.889,0.082,Negative,Jul 2022,Couples
Pizza just ok,Jun 2022 ‚Ä¢ Family,Pizza was just ok. Barely any sauce. We asked for a side of sauce they brought it and it was cold and tasted like sauce from a can. Maybe the other food was good but the pizza was a disappointment.,11 contributions,-0.2846,0.124,0.772,0.104,Negative,Jun 2022,Family
Worst pizza ever,May 2022 ‚Ä¢ Couples,"Pizza was terrible, get a frozen pizza before going here. Cost wasn't bad but taste was terrible. Little sauce little cheese and dough was flakey and over cooked. Would not recommend go somewhere else",,-0.787,0.048,0.729,0.223,Negative,May 2022,Couples
Surprisingly good,Apr 2022 ‚Ä¢ None,"Being from NY/NJ, you are hard-pressed to find decent pizza anywhere out of the metro area. I found this pizza to be exceptionally good, the crumpled sausage topping was awesome. It's crowded so best for take-out.",,0.9282,0.283,0.717,0.0,Positive,Apr 2022,None
"Nice place, great food",Apr 2022 ‚Ä¢ None,Had dinner on a Wednesday recently. Sat outside in the covered patio area. The food was great and the service was attentive. Will definitely return here.,138 contributions,0.7783,0.228,0.772,0.0,Positive,Apr 2022,None
Overpriced,Apr 2022 ‚Ä¢ None,We placed an order for 2 small and 1 large pizza with mozz sticks - $78.....enough said Seems they are trying to take advantage of the people who are responsible for their being able to make a living --- the tourists,,0.5106,0.109,0.891,0.0,Positive,Apr 2022,None
Not Great,Apr 2022 ‚Ä¢ Family,Ordered take out. We thought this place was overpriced. Chicken parm hoagie was not good - chicken was tough and the breading was falling off. Sicilian pizza was over cooked. The crust was black and hard. My husband got the sausage hoagie with onions and peppers and he thought it was good.,23 contributions,-0.744,0.0,0.832,0.168,Negative,Apr 2022,Family
Always great! Consistent - very good service and food,Nov 2021 ‚Ä¢ Family,"Dined here on two separate occasions last week during a stay in Marco Island. First visit since pre-Covid and Joeys never disappoints! The garlic knots and Caesar salad are fantastic as are the multitude of entr√©es that please all palates. Have not tried the pizza but stick with veal, chicken and pastas. Lovely outdoor patio. Indoor dining does not seem very distanced. Although the restaurant is popular and very busy, wait times are minimal due to the sheer size. The only thing I would fault is the fact that the entr√©es are brought out while still eating salads or appetizers. This is a bit frustrating. Nonetheless we are sure to return",65 contributions,0.8513,0.141,0.799,0.059,Positive,Nov 2021,Family
Worst pizza ever,Nov 2021 ‚Ä¢ Family,"Ordered a deep dish with spinach and broccoli. The dough appeared as if they took old dinner rolls and put an exceedingly thin layer of tomato sauce, some cheese and the veggies on top. The dough was obviously not fresh made. No one in the group liked it. Would never recommend the deep dish to anyone. You could get a better pie at pizza hut for half the cost.",,0.6504,0.126,0.819,0.055,Positive,Nov 2021,Family
Great pizza,Nov 2021 ‚Ä¢ None,Delicious pizza. Thin and crispy. Ordered pepperoni which was great. We wanted it delivered to the condo we were staying at but it was over an hour delivery so we picked it up.,46 contributions,0.5994,0.136,0.864,0.0,Positive,Nov 2021,None
Tasty food and fast service,Nov 2021 ‚Ä¢ Family,"We tried their deep dish pizza and garlic knots and weren‚Äôt disappointed! Easy carry out experience, about 30 min on a Sunday evening. Will be back for sure!",,0.3987,0.176,0.73,0.094,Positive,Nov 2021,Family
Very good pizza!,Nov 2021 ‚Ä¢ None,We ordered Pepperoni with the NY style crust for takeout and it was very good. Made for great leftovers the next day as well.,9 contributions,0.8553,0.309,0.691,0.0,Positive,Nov 2021,None
Foods Fine but way Too Expensive,Nov 2021 ‚Ä¢ Family,"For 2 large pizzas, and 2 anti pasta salads my fianc√©‚Äôs dad paid $90+ not including tip! If I was there when he went to pick it up and pay I would have not let him. Food was fine but not worth that cost.",,-0.41,0.033,0.846,0.121,Negative,Nov 2021,Family
A great choice for Italian!,Nov 2021 ‚Ä¢ None,"Four of us went to Joey's. Had great service, quick food delivery and excellent dinners. From the garlic rolls, to the stuffed shells, baked ziti, pizza and meatball subs, there wasn't one complaint at our table. It was a great choice and we didn't even have to wait for a table.",248 contributions,0.9299,0.235,0.765,0.0,Positive,Nov 2021,None
Great pizza!,Oct 2021 ‚Ä¢ None,We ordered a pizza for takeout and we were surprised at how tasty it was. The crust was nice and the flavor was really good. It heated up nicely the next day for leftovers. We would order from here again.,203 contributions,0.8687,0.236,0.764,0.0,Positive,Oct 2021,None
Delicious Pizza,Oct 2021 ‚Ä¢ None,Went here for lunch after jet skiing and the pizza hit the spot. WE had the meat lovers and it was tasty. Added a few breadsticks and all in all an excellent lunch,480 contributions,0.7964,0.191,0.809,0.0,Positive,Oct 2021,None
Delicious pizza and pasta!,Oct 2021 ‚Ä¢ Friends,We visited joeys with a group of friends and we all loved everything we had! The doreens salad and the Burratta salad were unforgettable! Don‚Äôt miss joeys while vacationing on Marco.,3 contributions,0.7896,0.21,0.746,0.044,Positive,Oct 2021,Friends
BEST PIZZA EVER!!!!!,Oct 2021 ‚Ä¢ None,"We ate at joeys twice while on vacation and got delivery once!! Their pizza is truly some of the BEST I've ever had! Their sauce is very flavorful and you can tell their dough is homemade. We also tried their fried calamari joeys way, the burrata salad and the penne ala vodka, which were ALL EXCELLENT!! You definitely don't want to miss this place while on vacation in Marco Island!",,0.9542,0.212,0.773,0.015,Positive,Oct 2021,None
AVOID AT ALL COSTS!!!!,Aug 2021 ‚Ä¢ Couples,"People who gave this place more than 2 stars must simply be desperate for pizza on the island. I would rather eat a frozen Digornio or CPK pizza from the grocery store than this ""pizza"". I cannot even call it pizza--the sauce was bland and tasteless. The crust was not close to crispy and the cheese was mush. Avoid at all costs!!!! Also, as an aside, we ordered a small and were charged for a large. Are they that desperate for money???? Please go to the grocey store instead and buy 2 great pizzas for the price of 1 monstrosity here. Awful experience and waste of money.",,-0.8453,0.056,0.799,0.145,Negative,Aug 2021,Couples
Lunch,Aug 2021 ‚Ä¢ Family,We love Joey‚Äôs! Pizza is a hit‚Ä¶ along with the service! We ate there two times and are return visitors!,53 contributions,0.7249,0.22,0.78,0.0,Positive,Aug 2021,Family
Visit at Joey‚Äôs in Marco Island.,Aug 2021 ‚Ä¢ Couples,The service was great. The food dishes are-large portions so consider that when you order. Had the Tuna Sandwich. It was good just wished the bread was toasted.,,0.7906,0.212,0.788,0.0,Positive,Aug 2021,Couples
Won‚Äôt knock your socks off,Aug 2021 ‚Ä¢ Family,"Very little sauce and pepperoni, but the crust is very good. It cost us $43 for 2 small pepperoni pizzas, which is highway robbery.",241 contributions,0.6474,0.163,0.837,0.0,Positive,Aug 2021,Family
Dry tasteless pizza didn‚Äôt make it for us.,May 2021 ‚Ä¢ Couples,We ordered two pizzas with intentions on having left overs. One was custom. After we got home we threw the left over s out. The place was packed so I guess everyone else loves it there. We will not go back. Note/ each topping was $2-2.50 each. Our bill was ridiculously high ($35) and not worth it either for two pizzas.,747 contributions,0.1615,0.058,0.878,0.064,Positive,May 2021,Couples
Good....but,May 2021 ‚Ä¢ Family,I've always loved Joey's. But my family and I will never be back. There is only ONE handicapped parking place outside. Had to pass on coming inside.,5 contributions,0.3506,0.089,0.911,0.0,Positive,May 2021,Family
First day at Marco,May 2021 ‚Ä¢ Family,"We so enjoyed the bursts salad , the pizzas and especially the cannoli. We might go back just for the cannoli",65 contributions,0.5563,0.159,0.841,0.0,Positive,May 2021,Family
This is the place for pizza and more.,Apr 2021 ‚Ä¢ None,Nice outside casual atmosphere. Our waiter was excellent. Good table maintenance. Pizza was excellent. The dough knots are delicious.,10 contributions,0.9559,0.589,0.411,0.0,Positive,Apr 2021,None
Best pizza. Hands down,May 2021 ‚Ä¢ None,"Joey‚Äôs makes a mean pie. The crust is hand tossed, giving it that artisan style. The cheese and all the toppings were top quality. Definitely try the garlic knots, they are addicting",,0.8442,0.272,0.728,0.0,Positive,May 2021,None
Nothing like Chicago pizza,May 2021 ‚Ä¢ Friends,"It was okay. The pizza bottom wasn‚Äôt very crisp. Very bland. We had the bread knots and they were really good. We also ordered 2 large salads. They were just okay. Maybe get taste better if we were dining in, maybe?",,0.8357,0.216,0.784,0.0,Positive,May 2021,Friends
Inconsistent Food,May 2021 ‚Ä¢ Family,Unfortunately the food is very inconsistent. When they are busy the quality and taste of the food drops significantly. The cheese and toppings just fell of the pizza and the crust wasn‚Äôt the same. We gave them another try but we will continue to go elsewhere for pizza and Italian food.,10 contributions,-0.1779,0.0,0.967,0.033,Negative,May 2021,Family
Consistently great food and great service,Apr 2021 ‚Ä¢ Family,"We have been to Joey‚Äôs many times over the years. Food is always great. We love the pizza, garlic rolls, salads, cocktails, etc. our dining experience was extra special this year due to our fantastic waiter, Johnny. He went above and beyond for us and all his tables.",,0.9393,0.249,0.751,0.0,Positive,Apr 2021,Family
Great Pizza,Apr 2021 ‚Ä¢ Family,"Great place for family. Great Pizza and pasta dishes. Can‚Äôt go wrong, fast service. Also nice bar area to catch a game and have a few beers.",13 contributions,0.836,0.313,0.598,0.088,Positive,Apr 2021,Family
Amazing Pizza,Apr 2021 ‚Ä¢ Couples,We wanted to stay in one night and we ordered pizza and pick it up and it was amazing. The dough was perfect and all the toppings were fresh. Even the second day for left overs was just as good. We would definitely recommend and go back.,1200 contributions,0.9509,0.304,0.696,0.0,Positive,Apr 2021,Couples
Amazing!,Apr 2021 ‚Ä¢ Couples,"We visit Marco Island often and several locals had suggested Joey‚Äôs. We were amazed how much we enjoyed the service and food. We had the house lasagna and one of the house pizza specials. We generally go for quality over quantity, however here you get both. The service was perfect as our humble waiter took the time to insure we had everything needed. We have given reviews from around the world and HIGHLY recommend Joey‚Äôs",176 contributions,0.929,0.162,0.838,0.0,Positive,Apr 2021,Couples
We Love Joey's!,Mar 2021 ‚Ä¢ None,This is a must visit for us during our frequent Marco Island getaways. The food and service are consistently outstanding and the atmosphere is top notch. Highly recommended and we will be back during our next visit!,334 contributions,0.8012,0.199,0.801,0.0,Positive,Mar 2021,None
Best Pizza and Salad,Mar 2021 ‚Ä¢ Friends,Love live loved it. Reasonable priced and yummy. This would be a 5 star except the recommended pumpkin cake wasn‚Äôt so great. The pizza is so good and the meatball salad was a great way to eat healthy- except fir the scrumptious garlic knots.,22 contributions,0.9876,0.51,0.49,0.0,Positive,Mar 2021,Friends
Great food and service,Feb 2021 ‚Ä¢ None,We went there on a chilly windy day. They kept bringing out heaters so everyone was comfortable. Large menu and everything we ordered was superb. The waiter was very alert to any need we had. Definitely will return.,91 contributions,0.9162,0.28,0.72,0.0,Positive,Feb 2021,None
Fantastic food and Service,Mar 2021 ‚Ä¢ None,"This place is a GEM! We were looking for a place after our beach days on Marco, that wasn‚Äôt too crowded so we went to Joeys around 4pm. The food is outstanding as is the service, we have had great servers, especially Jason F. He is such a polite and attentive server. Masks are appreciated but not required and with the whole restaurant being essentially outside seating its perfect!!!! Try Joeys pizza, the sausage is outstanding and the crust is nice and thin, although they also have thick crust.",29 contributions,0.9557,0.178,0.822,0.0,Positive,Mar 2021,None
Joey‚Äôs pizza,Jan 2021 ‚Ä¢ None,First visit to Joey‚Äôs in Marco Island. I highly recommend Joey‚Äôs paper thin pizza with sausage and green peppers. Without a doubt the BEST pizza I‚Äôve ever had....and I love pizza. It will be a frequent stop for us.,3 contributions,0.4575,0.201,0.664,0.135,Positive,Jan 2021,None
Delicious!,Jan 2021 ‚Ä¢ None,"Food is amazing, gluten free crust is really good, and they even offer steamed broccoli options (which is a steal considering how big the side it) alongside of some pretty amazing pizza! Delivery can be a bit slow (consistent with what is quoted online, just typically 60-90 minutes so plan a bit ahead so you get your dinner when you want it. It is our go to dinner when arriving on the island every time!!!",,0.9482,0.225,0.739,0.036,Positive,Jan 2021,None
Pizza and Meatball Parm,Jan 2021 ‚Ä¢ None,"Assuming that people who criticized the pizza either happened to hit a bad one or don't really know what pizza is. Had eggplant pizza and a meatball parm sub. Both were really good. The meatballs came really close to my wife's which are the best I ever ate (and I am 1/2 Italian). Took longer to deliver than stated, but I know that they are very busy. Order early and often.",80 contributions,0.177,0.066,0.877,0.057,Positive,Jan 2021,None
I really wanted to like this place better,Jan 2021 ‚Ä¢ None,"Doreen's is my favorite breakfast place when I come to visit, but I usually don't do pizza when visiting Marco Island. As I understand it (I could be wrong), this is the same family! After a long day, we just wanted something simple, so I thought this would be great. Ok, it was not terrible, but to state that it is the best pizza on the island may just be a low bar. I am not a pizza snob, but for New York thin crust the the crust was a lot of dough. The pepperoni was not too plentiful. If I had not been told, I would have sworn it was a slightly less greasy and salty Pizza Hut pizza. The place was hopping, and other things may be great. I will probably try something else, but not the pizza, haha! Give a shot and see what you think... the reviews are kind of mixed, so it may just be a preference! I didn't mind the cost, but it was a little high for the quality! $26 for a 16 inch with one topping and tip for take-out.",,0.9793,0.151,0.819,0.03,Positive,Jan 2021,None
Awful,Jan 2021 ‚Ä¢ None,"If you like something that looks like rabbit dropping's on uncooked dough , this is your place. I sent 25 dollars on a pepperoni and sausage pizza that looked like cra......last night. It fell apart as we ate it and tasted terrible My advice is to look elsewhere like Sami's or Speak Easy. Never again",303 contributions,0.8316,0.208,0.742,0.05,Positive,Jan 2021,None
Our favorite place to go for a salad and pizza,Jan 2021 ‚Ä¢ None,"This is a very nice fun place. The service is excellent. The salad with the parmesan peppercorn dressing is excellent. The thin crust pepperoni and mushroom pizza is excellent. Those are the things we want, and this place has them. That is why we keep coming back.",26 contributions,0.9588,0.323,0.677,0.0,Positive,Jan 2021,None
Ordinary,Feb 2020 ‚Ä¢ Solo,"It's a tourist trap. Much better pizza and Italian food on the island. I don't understand why people keep going. Try DaVinci, Samsung, Ciao Bella, Davides, so many others.",55 contributions,0.1531,0.096,0.828,0.076,Positive,Feb 2020,Solo
Worst Pizza,Dec 2020 ‚Ä¢ None,By far the worst Pizza's we had. Don't order. Get the Pizza from Sammy's. But remember Sammy's service is slow..,,-0.3716,0.0,0.882,0.118,Negative,Dec 2020,None
Great food and Great Atmosphere,Dec 2020 ‚Ä¢ None,"The place is much bigger than it looks on the outside, so don't let a full parking lot scare you away. Must have are the garlic knots, they could almost be on the dessert menu.",37 contributions,-0.4939,0.0,0.912,0.088,Negative,Dec 2020,None
The Pizza is Fantastic!,Dec 2020 ‚Ä¢ None,"We sat outside and although it was a bit cool at night, they had heaters placed around the patio area and it was comfortable. We ordered the bruschetta, which was fantastic, and then came the pizza...yum! Definitely recommend and definitely would go back!",111 contributions,0.9492,0.329,0.671,0.0,Positive,Dec 2020,None
Best stromboli,Dec 2020 ‚Ä¢ Family,"Ate lunch at Joeys. They have a large outdoor patio area which we enjoyed. Shared a large thin crust margherita pizza with my sister, it was wonderful. My husband had a pepperoni and sausage stromboli and said it was the best he's ever had and insisted that I share the review. Service was prompt and we will definitely eat here when we visit Marco again.",,0.9552,0.252,0.748,0.0,Positive,Dec 2020,Family
"Good food, laid back atmosphere, great service",Dec 2020 ‚Ä¢ None,"Joey's was recommended by some frequent guests in our hotel. The pizza was great and the service was excellent. If you are looking for a laid back atmosphere with outdoor seating, Joey's is a good choice.",144 contributions,0.91,0.294,0.706,0.0,Positive,Dec 2020,None
Excellent food. Exceptional experience.,Dec 2020 ‚Ä¢ Family,"We were seated immediately, received beverage orders right away and our glasses were never empty. The service we had from Tim was first-class. Our food was served quickly and it was delicious and fresh. We dined outside and it was clean and well kept. Fantastic experience! We will be back!",4 contributions,0.939,0.274,0.726,0.0,Positive,Dec 2020,Family
great take-out,Dec 2020 ‚Ä¢ None,"We had 3 locals recommend Joey's so when none of us was really in the mood for anything in particular we decided to order take-out. Although pizza was recommended, we ordered pastas and calzones. Food was great and they have something for everyone. We will definitely go back! For those with strong virus concerns, I'd suggest take-out as they are pretty lax with the mask policy.",78 contributions,0.9508,0.233,0.767,0.0,Positive,Dec 2020,None
Loved the Izzy and atmosphere,Dec 2020 ‚Ä¢ Couples,We really enjoyed our drinks- rum drink and one with mint. Very creative. Staff very attentive. Veggie pizza was great and enjoyed the small salad which we shared. Came here 2 years ago and still the same. We will be back!,,0.9529,0.329,0.671,0.0,Positive,Dec 2020,Couples
Looking around this area,Jul 2020 ‚Ä¢ Family,"Looking around this area a pizza place we found Joey‚Äôs Pizza & Pasta. We order a six slices pizza with mushrooms and extra cheese, pasta and, a Caesar salad. We had a great dinner, and a great service since we enter. I recommend this place and, James C as your server.üëçüèª",101 contributions,0.8934,0.211,0.789,0.0,Positive,Jul 2020,Family
Pizza 3 days in a row,Jul 2020 ‚Ä¢ Family,My kids love the pizza. We ordered 3 straight days in a row :) They delivered quick and are delicious!,3 contributions,0.92,0.483,0.517,0.0,Positive,Jul 2020,Family
Best Take Out Pizza!,Jul 2020 ‚Ä¢ Family,Fast and friendly delivery! The broccoli salad was perfect for our gluten free family member. Glad we ordered extra because it was great heated up for lunch a few days later!,,0.9577,0.417,0.583,0.0,Positive,Jul 2020,Family
Great italian,Jul 2020 ‚Ä¢ Family,"Great food. Our favorites included the gnocchi, blackened chicken fettucine alfredo, and penne vodka.",27 contributions,0.7845,0.365,0.635,0.0,Positive,Jul 2020,Family
This is probably the best pizza place in Marco Island!,Jul 2020 ‚Ä¢ None,"This is probably the best pizza in Marco Island! I‚Äôm talking about the large square thick Sicilian pizza that they have, my family and I we have been coming here every year and is a tradition now; because it is really good. I highly recommend this place. Now they have separated tables, all employees wearing masks, and more tables outside.",221 contributions,0.8943,0.166,0.834,0.0,Positive,Jul 2020,None
Awesome,Jul 2020 ‚Ä¢ Family,Absolute best pizza on the island! Service was awesome and the New York style pizza is top notch. Our kids also loved the wings. This year we tried the pizza with pesto and it was absolutely amazing.,147 contributions,0.9606,0.365,0.635,0.0,Positive,Jul 2020,Family
Good Pizza,Jul 2020 ‚Ä¢ Couples,Joey‚Äôs is our go to place for pizza when we visit Marco. Nice staff and good pizza and rolls. Must try,33 contributions,0.6908,0.231,0.769,0.0,Positive,Jul 2020,Couples
"Terrific food, service and COVID conscientious",Jul 2020 ‚Ä¢ None,Extensive menu....pizza was NYC quality with reasonable prices. Their staff was terrific and mindful of distancing. They have plenty of outside seating. We will make a return visit!,8 contributions,0.5255,0.115,0.885,0.0,Positive,Jul 2020,None
Great food and service!,Jul 2020 ‚Ä¢ Family,"Great food all across the menus. We came back multiple times...pizza, pasta and incredible sandwiches especially chicken parm!",143 contributions,0.6588,0.205,0.795,0.0,Positive,Jul 2020,Family
Large meal sizes!,Jul 2020 ‚Ä¢ Family,Family ate lunch here - found the food really good (extremely fresh delicious salads) and the garlic bread knots were good! Pizza was very tasty and good value for the $$!,148 contributions,0.9573,0.44,0.56,0.0,Positive,Jul 2020,Family
Another Good Evening with Pizza,Jun 2020 ‚Ä¢ None,"We get Joey's pizza most every time we go to Marco Island. Typically, we get carry out. Their service is always timely and the pizza is always great. Our kids love it. We got a Sicilian this time, plus a couple of regular crust pizzas. We especially enjoy the white pizza. The Sicilian is nice when you have a big group of teenagers because it will fill them up. We had enough leftovers for snacks for them the next day.",348 contributions,0.9392,0.167,0.833,0.0,Positive,Jun 2020,None
Awesome Pizza,Jul 2020 ‚Ä¢ None,We ate at Joey's around 4:00 in the afternoon. We got right in. We ordered both the paper thin pizza and a Sicilian. They were both amazing. The only thing I might change would be a little more sauce on the pizzas. Great service too!,,0.8478,0.17,0.83,0.0,Positive,Jul 2020,None
Great food and service,Jun 2020 ‚Ä¢ Family,Every year we stay at the JW we go to eat dinner here. Great pizza and the service is amazing. Would definitely go back again.,126 contributions,0.9317,0.399,0.601,0.0,Positive,Jun 2020,Family
Family dining,Jul 2020 ‚Ä¢ Family,Great family dinner. Great portions and a small pizza was not small at all! Definitely get an order or garlic knots they were AWESOME!!,166 contributions,0.9559,0.466,0.534,0.0,Positive,Jul 2020,Family
Great place for Pizza and Pasta !,Jun 2020 ‚Ä¢ None,"Great ""home-made-"" Pizza and the pasta was scrumptious. You won't go hungry here because the portions were generous. The saled my wife ate was very generous with the chicken topping. Glad to have had a nice lunch experience here.",37 contributions,0.9618,0.38,0.62,0.0,Positive,Jun 2020,None
Best pizza ever,Jun 2020 ‚Ä¢ Couples,"The best pizza we have since we moved from New York, the ingredients, flavor are a delight. Thanks Anthony!",,0.906,0.429,0.571,0.0,Positive,Jun 2020,Couples
Great pizza and service!,May 2020 ‚Ä¢ None,This place has become a must eat tradition for us during our visits to Marco over the past several years. We love the pizza and drink selections and dessert is a must do as well. The service is outstanding as is the atmosphere. Highly recommend this place!,334 contributions,0.9244,0.246,0.754,0.0,Positive,May 2020,None
Good pizza place on Marco Island,Jun 2020 ‚Ä¢ Family,"Delivery. Had a large pepperoni pizza, garlic knots, my teenage daughter got a grilled chicken Caesar salad. Gentleman who answered the phone was nice and helpful. I enjoyed the pizza, wife and youngest daughter thought it was too greasy. It‚Äôs pepperoni pizza, of course it‚Äôs greasy. Garlic knots were tasty but a little cold, marinara dipping sauce was runny but tasted good. Teenager endorsed the salad. Would definitely return next time we‚Äôre on Marco.",,0.9306,0.198,0.802,0.0,Positive,Jun 2020,Family
Gross.. no cheese and like cardboard,May 2020 ‚Ä¢ Family,This place really went downhill. Whole pizza top and bottom was crust because there wasn't any cheese on it. Sauce was dry and tasteless and so was all the crust.,,0.2023,0.058,0.942,0.0,Positive,May 2020,Family
One and done,May 2020 ‚Ä¢ Couples,"Ordered pick-up for our first day in Marco Island. Pepperoni pizza was average at best, the garlic knots were tasty but 3 oz of marina wasn‚Äôt nearly enough for 6 knots. The salad may have been good but they didn‚Äôt pack utensils which is problematic when staying at a hotel. A greater attention to detail is a must!!!!",5 contributions,0.7916,0.171,0.769,0.06,Positive,May 2020,Couples
Yummy Garlic Knots!,Mar 2020 ‚Ä¢ None,"We've visited Marco a lot and this is a regular stop for us and we got carry out here a few times on this trip. My wife loved the chicken parmesan, kids got spaghetti, fettucine alfredo, I got a ham and cheese one night, and a pepperoni pizza another. Great place!",61 contributions,0.7959,0.158,0.8,0.042,Positive,Mar 2020,None
Solid Italian For Good Change of Pace,Mar 2020 ‚Ä¢ None,"When you you think about Marco Island and eating options, the first place that comes to mind is not naturally an Italian restaurant. We found some great seafood in the area, but it is nice to have a change of pace. Joey‚Äôs fills that space. Four of us each had 2 individual slices. Tried a meat lovers, a Hawaiian, a mushroom and pep, and plain cheese. All were big slices and good pizza. The service was fine. The restaurant environment is relatively pedestrian and the restaurant is on the main road in and out of Marco so you are not there for the environment. If you are hungry and are watching your pennies, not a bad choice for lunch.",147 contributions,0.9669,0.162,0.838,0.0,Positive,Mar 2020,None
Hungry Hoosiers,Mar 2020 ‚Ä¢ None,"Joey‚Äôs is a staple for us. We actually had dinner twice in a week here this trip. 1st time was knots and pizza, 2nd was pasta, Stromboli and pizza(and of course, knots). Downside is the knots are filling and you can‚Äôt finish dinner. Upside the knots are great and you have left overs. In between the 1st and 2nd trips, the Governor ordered restaurants to go to 50% capacity. So Joey‚Äôs removed every other table. It looked kinda strange, but thinking about it, it was a very wise move. The staff was very good about limiting contact and it was a very enjoyable meal. THANKS Joey‚Äôs!",98 contributions,0.9705,0.179,0.798,0.023,Positive,Mar 2020,None
Good Italian,Mar 2020 ‚Ä¢ None,We ate here several times. I recommend eggplant parmigiana. Their Pizza is also good. It gets very busy and parking can be challenging.,11 contributions,0.7184,0.269,0.731,0.0,Positive,Mar 2020,None
PIZZA!!! PIZZA!!!,Mar 2020 ‚Ä¢ None,Can't complain. Good options. Helpful waitstaff. Conveniently located close to dock. We got the Jalape√±o mussels and garlic knots for appetizers. Two large pizzas - supreme and buffalo chicken. Good if you are in the neighborhood.,4469 contributions,0.5716,0.196,0.692,0.111,Positive,Mar 2020,None
Great food,Mar 2020 ‚Ä¢ Couples,We always visit Joeys and enjoy the variety of food offered. Like the option of inside or outside dining. Nice restaurant. Friendly staff.,8 contributions,0.8934,0.381,0.619,0.0,Positive,Mar 2020,Couples
Fun little pizza/pasta joint,Mar 2020 ‚Ä¢ Family,"My family of four ate here on a recent weekday evening. Friendly service, attentive waitstaff. We all had very good pasta dishes. The pizza looked even better from what I saw. Attractive premises with outdoor seating available. Nice job.",2001 contributions,0.9324,0.319,0.681,0.0,Positive,Mar 2020,Family
Best Margarita Pizza with thick crust,Mar 2020 ‚Ä¢ None,"Our last night on the island and we didn‚Äôt know what we wanted. Something small and light. We settled on a Margarita pizza with thick crust. Wow! The crust was moist and airy if that makes sense. Great sauce, lots of cheese and tomatoes with big basil. So damn good. So much for small and lite! That crust alone was my favorite and would eat that by itself. Very filling and delicious! What a gem to find on our last night, but we will be back and maybe this time eat in the restaurant instead of takeout!",,0.8478,0.122,0.845,0.034,Positive,Mar 2020,None
Always a treat,Mar 2020 ‚Ä¢ Friends,Retirement luncheon in this awesome restaurant . Great eggplant stack and Nonie approved pumpkin cake dessert which is huge and delicious ! Service was outstanding and cost reasonable ! Must go place for your visit to Marco Island,81 contributions,0.9731,0.435,0.565,0.0,Positive,Mar 2020,Friends
"Nice delivery option, decent but not all that",Mar 2020 ‚Ä¢ Couples,"After paying a ton of money for a mediocre meal at one of the local seafood restaurants, we wanted to just stay in and eat something basic, and Joey‚Äôs did not disappoint. We were staying in a high rise condo gated community with a guard house, and it was a bit of a hassle to get the delivery coordinated (with the condo not Joey‚Äôs), but this hit the spot. Pizza was a smidge ‚Äúbland‚Äù. Could have used some red pepper flakes maybe, we even tried salt. So it wasn‚Äôt the best pizza ever but it was good enough. Delivery guy was great.",363 contributions,0.9579,0.157,0.843,0.0,Positive,Mar 2020,Couples
Dinner with friends,Mar 2020 ‚Ä¢ Friends,Always good food and a lively atmosphere! Consistently good food and great service. Nice place for families or just a couple. Not over priced with comfortable seating. At times difficult to park. Have patients you‚Äôll get a spot. You can make reservations for 6 or more!,,0.9515,0.342,0.614,0.044,Positive,Mar 2020,Friends
Yum!,Feb 2020 ‚Ä¢ None,Looking for the best thin crust pizza on the island? Look no further because Joey‚Äôs is the place for you. Top off your delicious pizza with a scrumptious slice of key lime pie!,8 contributions,0.8977,0.31,0.638,0.052,Positive,Feb 2020,None
Dinner,Mar 2020 ‚Ä¢ Couples,Great food and great service. The staff was attentive and food was very good. I had the veal and the clams and we ordered a thin crust Joeys way pizza which is a sausage pizza. Which is the of the best I‚Äôve had,3 contributions,0.9485,0.302,0.698,0.0,Positive,Mar 2020,Couples
Tasty Visit,Mar 2020 ‚Ä¢ None,"I found the pizza to be delicious, the toppings plentiful, the portions good, the service attentive and friendly. What‚Äôs not to like?",125 contributions,0.8267,0.339,0.588,0.073,Positive,Mar 2020,None
Great New York style pizza and other things.,Mar 2020 ‚Ä¢ None,"My wife had the Bread Salad she said was excellent, and it even got better after her third drink. The pizza my son and I had was very good, servers were very good and and the selection was very good. A good place to stop for pizza or have it delivered.",,0.9529,0.305,0.661,0.035,Positive,Mar 2020,None
A little taste of Chicago,Feb 2020 ‚Ä¢ None,"Stopped in for a bite on our trip to Marco Island. Quick seating at the peak of dinner hour, quick service and quick food. Almost too quick! The appetizers were great, tried just about all of them, the pasta and pizza dishes were were great as well. Always a favorite spot to eat when on the Island and getting away from the cold in Chicago!",3 contributions,0.9183,0.188,0.786,0.026,Positive,Feb 2020,None
Great Pizza to stay or go!,Feb 2020 ‚Ä¢ None,"Never visit Marco without at least one visit to Joey's or pizza deliver at worst. Have a nice bar which is open to the sea breeze, busy , crowded and a fun spot. Also have live music which is usually very good. A real mixed crowd, lots of families, staff is friendly and personable. The pasta dishes are very good and pricing is suitable to every taste.",50 contributions,0.8906,0.204,0.742,0.053,Positive,Feb 2020,None
Not Familiar Recipes,Feb 2020 ‚Ä¢ None,Many people seem to love this casual Italian restaurant. The decor and service were welcoming. I was excited to see stuffed artichokes on the menu. One of my favorite foods that is rare to find on menus. The artichoke was properly cooked. The ‚Äústuffing‚Äù seemed more like some sort of sauce. While the ingredients were the familiar breadcrumbs and olive oil some how it was more liquid than stuffing. I also order stuffed clams....again this liquidish sauce all over the plate. Just not a place for me! The pizza looked good and my date‚Äôs chicken parm was average....too many other good places to bother with this one.,226 contributions,0.9637,0.194,0.787,0.02,Positive,Feb 2020,None
Pizza Carry Out,Feb 2020 ‚Ä¢ None,"No clue what the restaurant is like b/c we just got a pizza ""to go"". The carry out is located inside Doreen's . .which, side note, looks so cute but we never made it there for breakfast. The pizza was So good and wish we would have had time to get another.",159 contributions,0.8961,0.21,0.762,0.027,Positive,Feb 2020,None
Delicious!!!,Feb 2020 ‚Ä¢ Couples,"Delicious!!! Garlic knots were good. Traditional NYC style pizza was great!! A little loud- I must be getting old. Lol. If there is a line, take out or delivery is an option.",,0.94,0.37,0.63,0.0,Positive,Feb 2020,Couples
Hotel delivery,Feb 2020 ‚Ä¢ Couples,"Ordered in at the hotel we were staying and came across Joey‚Äôs Pizza. We ordered a pizza, bruschetta, and Joey‚Äôs way calamari. Pizza and bruschetta were good calamari would have been better had it come with the hot cherry peppers it was suppose to. Otherwise would have been a 5 star order.",15 contributions,0.7003,0.11,0.89,0.0,Positive,Feb 2020,Couples
Sadly a very bad experience,Feb 2020 ‚Ä¢ Friends,Sadly a very bad experience Tried to place order for delivery Wednesday for Thursday delivery‚Äî surprise dinner for group of 10 The staff said no ‚Äî must be hours before delivery The order was disappointing not delivered properly‚Äî delivery guy was not at fault and in fact was great Pizza 1 of 3 as well as pasta dinners and salad were not included in order - veggie pizza was not delivered Finally after being on hold for 25 minutes (yes) explained Joeys paper thin crust was missing‚Äî they didn‚Äôt seem to care 45 minutes later a veggie pizza shows up with thick crust‚Äî not what we wanted‚Äî must watch carb especially in pizza crust. Called next day and asked for Joey ‚Äî I don‚Äôt want anything but thought he should know what‚Äôs going on with orders and staff. Well he said he was disappointed and would immediately check and get back with me 3 days later ‚Äî waiting,619 contributions,-0.2424,0.082,0.843,0.075,Negative,Feb 2020,Friends
Carry out miscues,Feb 2020 ‚Ä¢ Family,Had family down and ordered pizza and salad to pick up They said half hour came after half hour and the rude person at the counter said I was early and it hadn‚Äôt been half hour showed her my phone clearly showing it was over half hour and she was absolutely no help at all There were a dozen or so other customers who also were waiting way to long and extremely agitated Lost a long time customer and I‚Äôm sure a lot more that were as aggravated I couldn‚Äôt believe they didn‚Äôt offer a price break or a soda Terrible customer sevive,51 contributions,-0.855,0.071,0.774,0.155,Negative,Feb 2020,Family
Traditional pizza & Italian dishes,Dec 2019 ‚Ä¢ None,"Joey's is the feel good, neighbor hood Italian place. Sports at the bar, outdoor seating, great pizza, salad, pasta & garlic knots. Staff are great. Locals & visitors dig it. It's sort of a huge, loud, Marco Island Italian version of Cheers. Sitting inside can get loud during season, but sitting at the bar or outside helps allow for conversation without yelling. It's a fun, cheery place to enjoy HUGE portions of good Italian food. Not gourmet, but solid with great flavor.",20 contributions,0.9871,0.361,0.591,0.048,Positive,Dec 2019,None
Great pizza delivery,Feb 2020 ‚Ä¢ None,Every trip to Marco Island requires a stop at Joey‚Äôs. Pizza was delivered on time and hot. It‚Äôs refreshing to get quality Italian sausage being away from Chicago. We have eaten in the restaurant many times and service is great!,5 contributions,0.4926,0.101,0.849,0.05,Positive,Feb 2020,None
Terrific Time,Feb 2020 ‚Ä¢ Couples,"We went with another couple for dinner. With a full bar we had just what we wanted to drink. Dinner orders included chicken broccoli soup, mussels, ‚ÄúJoey‚Äôs Way‚Äù and a meatball salad. All food was delicious with excellent service. Fun place with all the goodness!",,0.9324,0.264,0.736,0.0,Positive,Feb 2020,Couples
Italian on the Island,Feb 2020 ‚Ä¢ Couples,"We went to this restaurant on a Friday night and it was really busy, and we went early. Wait time at 5:30 pm about 15 minutes. Seated after wait and ordered drinks and appetizers. They came quickly and the Bruschetta was excellent. My wife had penne pasta with peas and mushrooms while I had veal Parmigiana. Both dishes were done well. The restaurant is small, noisy, and a hive of activity.",28 contributions,0.6249,0.08,0.897,0.023,Positive,Feb 2020,Couples
Very good pizza!,Feb 2020 ‚Ä¢ Couples,"We enjoyed a couple of pizzas and brews for dinner last week, and the fact that it was within walking distance of our vacation spot on Seaside was a plus. Quick service, great pizza!",187 contributions,0.8268,0.204,0.796,0.0,Positive,Feb 2020,Couples
A Perfect Go-To on Marco Island,Feb 2020 ‚Ä¢ None,"We are staying on Marco Island for a month, and the pricey waterfront restaurants are great once in a while but we needed a reasonably priced ""go-to"" place and this is definitely IT! We started with a Caesar Salad which was nicely prepared, with shaved parmesan and a generous amount of brown anchovies plus a delicious garlic knot roll. We then ordered a medium sized pizza. Your choice of thin or thick crust, or ""paper-thin"" crust. We tried the paper thin and it was awesome. There is a nice three-sided bar which is half-outside and half-inside. The dining room is large. Our bartenders provided excellent, friendly service. There is good parking. We'll be back for sure. It's a great value (house wine $6 per glass) and excellent food.",179 contributions,0.9965,0.371,0.629,0.0,Positive,Feb 2020,None
Very good casual Italian,Feb 2020 ‚Ä¢ None,"We each enjoyed combo pizzas which were fresh and delicious. Just the right amount of toppings and sauce. Mine was gluten free, one of the better GF pizzas I've had in a while. Nice atmosphere and good casual pricing in a very nice resort area of Marco Island.",112 contributions,0.9753,0.414,0.586,0.0,Positive,Feb 2020,None
Throw out the take out,Feb 2020 ‚Ä¢ Family,"We ordered a pizza (extremely salty), eggplant parmesan which was so tough we couldnt eat or cut it, and a stuff artichoke so wet and salty it was edible. So we got a take out to throw out. All for the bargain price of over ,$50. What a waste.",82 contributions,-0.2908,0.073,0.83,0.097,Negative,Feb 2020,Family
Pizza,Jan 2020 ‚Ä¢ Couples,The pizza was amazing. The beer selection good. A member of our party had the lasagna and was very happy. Good atmosphere. Great vibe. Went the next morning to his wife‚Äôs place next door for breakfast. Also the bomb. Go early on weekend.,,0.9768,0.413,0.587,0.0,Positive,Jan 2020,Couples
Paper thin crust pizza,Jan 2020 ‚Ä¢ None,"The pizza and desserts at Joey's are great. We decided to do takeout for our last night on Marco Island, and we tried Joey's for pizza delivery. The food was outstanding; our only complaint is the driver telephoned and asked us to come downstairs to pick up our order.",105 contributions,0.7845,0.144,0.817,0.039,Positive,Jan 2020,None
Best Paper Thin Pizza Ever!,Jan 2020 ‚Ä¢ None,"While camping at Collier Seminole, we visited Naples and Marco Island several days. We like to try new restaurants (mostly seafood) each time we are there. On our third day, we tried Joey‚Äôs Pizza and Pasta for the best pizza. We got one with sausage crumbles, onion and mushrooms. It was so good, we went back our last day to get another!",104 contributions,0.8941,0.154,0.846,0.0,Positive,Jan 2020,None
Great pizza and good italics an,Dec 2019 ‚Ä¢ Friends,The pizza is very good and is a 'must' for us on our annual trip to Marco. We also had Italian food - I had the chicken Alfredo and found it good (not great) but pizza was great as are the garlic knots. Their sausage roll s good and they have green olives - one of my favorites!,335 contributions,0.9591,0.274,0.726,0.0,Positive,Dec 2019,Friends
Delicious Food,Jan 2020 ‚Ä¢ Family,"We had our food delivered & my expectations were low. Our dinner was exceptional. The salad with fresh mozzarella & tomatoes was amazing. I‚Äôm from NY & the pizza was fantastic, thin, chewy, & lots of toppings. The pork chop was huge & lean. The garlic rolls were addicting!",223 contributions,0.8805,0.23,0.73,0.039,Positive,Jan 2020,Family
Great pizza!,Jan 2020 ‚Ä¢ None,Really good meal! Just a good quality pizza with so many different menu options to choose from. We come here every time we are on the island!,,0.7888,0.225,0.775,0.0,Positive,Jan 2020,None
GARLIC KNOTS,Jan 2020 ‚Ä¢ Friends,Always a great choice. Consistently good food and service. Never disappoints. Doreen‚Äôs Salad is my personal favorite. The chicken wings are the best too. We have never been unhappy with the meals or the service.,212 contributions,0.9566,0.401,0.599,0.0,Positive,Jan 2020,Friends
Joeys for pizza with friends.,Jan 2020 ‚Ä¢ None,"Joeys for pizza with friends. Cold evening but was able to sit in outdoor area with heaters and roll up wind protectors down. Arrived around 5:30 pm and glad we did as about 30 min later it was packed. Got a large sicilian pizza which was a mistake as it was too thick, it also was burned. Thinking the waitress was new as she seemed a bit confused about menu choices. Thinking on a warmer day with a better waitress and a thin crust, non burned pizza our experience would have been better.",187 contributions,0.8885,0.161,0.78,0.059,Positive,Jan 2020,None
Great place to eat with friends!,Jan 2020 ‚Ä¢ Friends,"We ate here while vacationing with friends and thoroughly enjoyed our pasta meals and the garlic knots!. Salads needed less dressing so order it on the side. Also, had nice, fun cocktail menu. I would definitely go back!",185 contributions,0.944,0.334,0.666,0.0,Positive,Jan 2020,Friends
Great atmosphere,Jan 2020 ‚Ä¢ None,Great atmosphere but a bit loud! Food was excellent! Very generous portions!. Lasagna hot sandwiches and pizza were all delicious! A neat place and great atmosphere,13 contributions,0.9853,0.612,0.388,0.0,Positive,Jan 2020,None
Good Italian - extensive menu,Jan 2020 ‚Ä¢ Couples,We had a good meal here and enjoyed the outside seating. The small pizzas are huge and the pasta is generous and can be shared. Nice wine and beer offerings. Good service. They only take reservations for groups Over 8.,82 contributions,0.9578,0.383,0.617,0.0,Positive,Jan 2020,Couples
Good salad,Jan 2020 ‚Ä¢ Friends,"Great salar, very fresh, pizza was ok But we are from new york where pizza is king. Service was great . green peppers should be cooked on the pizza, not raw.",59 contributions,0.8909,0.308,0.692,0.0,Positive,Jan 2020,Friends
Great atmosphere and food,Jan 2020 ‚Ä¢ None,This place is busy so get there early and maybe they will have some of their stuffed artichokes left. They were so good and worth the wait.,9 contributions,0.71,0.191,0.809,0.0,Positive,Jan 2020,None
Good Pizza and fine Italian dishes,Dec 2019 ‚Ä¢ None,The pizza isn't NY/NJ but it's the closest and the best I found in SWFL. The Italian dishes are among the best I have eaten anywhere..so? Go to Joey's for good Italian food and be happy you did.,53 contributions,0.9735,0.39,0.61,0.0,Positive,Dec 2019,None
Go to place for Pizza,Dec 2019 ‚Ä¢ None,"Normally if we go for pizza, it is at Joeys. They have a paper thin pizza which is one of the better pizzas in the area, we think. Normally sit at the bar, but find the bar staff to be OK, but nothing noteworthy. However, can't go wrong with the food.",,0.8474,0.163,0.837,0.0,Positive,Dec 2019,None
Best pizza ever,Dec 2019 ‚Ä¢ Family,Joeys is the one place we visit several times when we are staying on Marco . Thin crust joeys way is the best . It‚Äôs a family favourite. Desserts are lush too ! Great service every time .,70 contributions,0.8622,0.217,0.783,0.0,Positive,Dec 2019,Family
It was ok,Dec 2019 ‚Ä¢ None,"Thought we were in for a real treat after reading all the reviews, but to all of us, it was just ok. The pizza was average and the sandwiches were ok. We agreed that the pizza from Sami's was much better. We'll stick with them.",65 contributions,0.9178,0.263,0.737,0.0,Positive,Dec 2019,None
Dinner,Dec 2019 ‚Ä¢ Family,Outstanding food and service. Buffalo pizza was the best ever!!! Joey and staff are awesome!!! Will definitely be back.,5 contributions,0.9529,0.519,0.481,0.0,Positive,Dec 2019,Family
It‚Äôs night in Marco,Dec 2019 ‚Ä¢ None,"We just arrived in Marco and needed a place to have dinner. Since we had been to Joey‚Äôs previously we thought we would go again. Never disappoints us - amazing pizza with such FRESH ingredients - bright red tomatoes, beautiful taste. The place was hopping but our service was fabulous and Victoria our server was very attentive even though the restaurant was packed. Food was served in a timely manner.",73 contributions,0.8615,0.169,0.804,0.027,Positive,Dec 2019,None
Will not be returning,Nov 2019 ‚Ä¢ Family,I gave this place a few chances and each time was more and more disappointed. The service is horrible and management is poor or rather non existent. The food also is sub par and whatever you order whether it be appetizers entrees pizza all comes out random times no matter what you tell the servers...,,-0.8899,0.047,0.754,0.2,Negative,Nov 2019,Family
Great lunch spot,Dec 2019 ‚Ä¢ None,"Great spot for lunch with pizza, pasta and salad. Great place overall. Joey does it again with the pizza. Good place for the family, good atmosphere",,0.9325,0.389,0.611,0.0,Positive,Dec 2019,None
Best pizza on Marco,Dec 2019 ‚Ä¢ Family,"We ordered white, meat and pepperoni pizzas. They were all excellent! Wouldn‚Äôt get pizza from anywhere else!",46 contributions,0.6467,0.211,0.789,0.0,Positive,Dec 2019,Family
"Great Pizza, nice environment",Dec 2019 ‚Ä¢ Couples,"We had vegetable pizza and added pepperoni. It was very good. The environment was open air type, would‚Äôve been great on nice day. There was a chilly wind from cold front the day we went, had to wear my hoodie while we ate. The service was good.",85 contributions,0.9229,0.24,0.76,0.0,Positive,Dec 2019,Couples
Great pizza and good italics an,Dec 2019 ‚Ä¢ Friends,The pizza is very good and is a 'must' for us on our annual trip to Marco. We also had Italian food - I had the chicken Alfredo and found it good (not great) but pizza was great as are the garlic knots.,335 contributions,0.8703,0.21,0.79,0.0,Positive,Dec 2019,Friends
Delivery,Dec 2019 ‚Ä¢ None,"Better than I expected! Delivered hot. Only got the veggie pizza but it was good, tasted fresh. Recommend",12 contributions,0.906,0.486,0.514,0.0,Positive,Dec 2019,None
Best Pizza on Marco Island!,Dec 2019 ‚Ä¢ Family,My family and I enjoyed a couple of fantastic pizza pies at Joey‚Äôs! The service was great! Everyone had a great time!,8 contributions,0.9515,0.516,0.484,0.0,Positive,Dec 2019,Family
"Great place, we ordered the",Dec 2019 ‚Ä¢ None,"Great place, we ordered the meat pizza and it was huge and covered in different meats. There was a large menu which had a lot to offer. There was a good atmosphere. Indoor and outdoor seating. Overall the restaurant was clean, had good service and a overall nice vibe.",,0.9493,0.312,0.688,0.0,Positive,Dec 2019,None
yummy and fun,Nov 2019 ‚Ä¢ None,"we were visiting family here, and they referred all of us to joey's pizza for dinner in november...we sat outside as it was warm...i had a corona, and others had stella and something else....next we shared a veggie salad, and large veggie pizza...the staff is great, the drinks, and food are too....it was festive and fun...thx so much",,0.8591,0.152,0.848,0.0,Positive,Nov 2019,None
Worth the stop Big menu Pizza,Nov 2019 ‚Ä¢ Friends,Worth the stop Big menu Pizza and salad were excellent Madison our server was outstanding Table of 7 ‚Äî did not miss a beat,619 contributions,0.8336,0.378,0.547,0.075,Positive,Nov 2019,Friends
"Great food, great environment",Nov 2019 ‚Ä¢ Family,Went here for dinner with my wife and 3 year old. Pizza and Caesar salad was great. Nice bar area and kid friendly. They have outdoor seating as well.,,0.9042,0.337,0.663,0.0,Positive,Nov 2019,Family
Yum,Nov 2019 ‚Ä¢ Family,The best pizza and knots!! We look forward to eating this everything we head to marco island!! Yummmmmmmmmmmmmmmmmmmmmmmmm,,0.7482,0.24,0.76,0.0,Positive,Nov 2019,Family
"Good food, good portions",Nov 2019 ‚Ä¢ Family,"Better than the far more expensive DaVinci's. Pizzas are creative and delicious. Apps and salads were good. Excellent value for Marco Island. Good service, too.",119 contributions,0.9657,0.543,0.457,0.0,Positive,Nov 2019,Family
T00 much garlic,Nov 2019 ‚Ä¢ None,"Very noisy when we arrived but seated easily. Garlic knots were undercooked / or cooked too quickly as the middles were not cooked properly. Too much garlic salt and Parmesan on them. I don‚Äôt think there was any fresh garlic in or on them, perhaps Joey can verify. Our party ordered 3 Veal Caruso‚Äôs. I had looked at the veal dinners on line before going and the one picture showing veal has a small portion of linguine on the plate. I wrongly assumed that the meal came with the pasta. There is only one veal meal that comes with pasta and that is penne. When it did arrive the spinach which ‚Äòin my opinion‚Äô had WAY TOO MUCH GARLIC on it was half over the veal thereby making the breadcrumbed topping, soggy. Because of the over use of garlic, the flavour of the spinach was not allowed to be tasted. Again, in my opinion, the spinach had not been drained enough, it may have been the sauce, but was either a very thin sauce, or too much water left in the spinach. Overall, not impressed, which why I rated it a 3. Won‚Äôt be rushing back, sorry.",5 contributions,0.7898,0.061,0.907,0.031,Positive,Nov 2019,None
Pizza is just average,Nov 2019 ‚Ä¢ None,"Ate a pie from Joey's on our last night in Marco. Got to say it was not nearly as good as Davide's pizza earlier in the week. Placed the order online for delivery. Simple to do and was convenient. When the pizza arrived, it had Green Peppers and not Mushrooms as we had ordered. I double checked my online order to make sure the mistake was not mine. It wasn't. The large pie, with 4 toppings, delivery and tip set us back $32, which for Marco is not too bad. The sauce on the pizza was a bit acidic and not to our liking. The crust was weird in that it was more like a cracker crust, not a raised dough crust. A bit chewy and dry on the edges. I like the pizza edges, but this one didn't work for me. Cheese was good as was the pepperoni and black olives. All in all it would not be my go to pizza in Marco.",128 contributions,-0.2785,0.045,0.898,0.058,Negative,Nov 2019,None
Very good pizza,Nov 2019 ‚Ä¢ None,"We popped in on a Friday night at 1800, managed to get a table without reservation but it was very busy. It's quite a big restaurant, nothing too fancy with a reasonably sized bar you can sit at. The menu has a good selection of pizza and pastas to suit all tastes. Pizza can be ordered as a thin, very thin or deep pan with a selection of speciality ingredients or you can make your own with various toppings. A large pizza easily feeds two people and if you are having starters and side dishes then small pizza may also feed two people. Pizza tasted great and if you like to dip your crust then ask for ranch dip when ordering. They do great desserts too so leave enough room for them! Overall, we were happy and would recommend.",304 contributions,0.9851,0.194,0.793,0.012,Positive,Nov 2019,None
Great food and drinks!,Dec 2018 ‚Ä¢ None,This place is worth the visit. The food is great and the atmosphere is fun and service is great. Located in a great spot where you can walk from most places on Marco!!,9 contributions,0.9589,0.401,0.599,0.0,Positive,Dec 2018,None
Delicious Pizza Dinner,Nov 2019 ‚Ä¢ Couples,"Excellent service, friendly atmosphere, our waiter was great! We enjoyed salads and pizzas. They offer 3 different types of pizza crust. We had thin & crispy Joey‚Äôs original and the other couple ordered NY style crust. All very delicious and we would definitely go back again.",162 contributions,0.9738,0.389,0.611,0.0,Positive,Nov 2019,Couples
Good Stromboli; Bad Lasagna,Nov 2019 ‚Ä¢ None,"One of us had the stromboli which was good. The other ordered lasagna and couldn't eat it as it was so full of a strong, stinky cheese that overwhelmed every other flavor that may have been in the lasagna - no taste of meat, ricotta or mozarella. The ""garlic knot"" that came with the meal also was coated in the same stinky cheese that overwhelmed any garlic that may have been in it. The strong smell arrived at the table as the plates approached and nearly knocked us over before the food was set down. To his credit, when the waiter noticed I hadn't eaten my meal, he took it off the bill, even tho I didn't request a refund, and said he would tell the chef about the overwhelming stench. If you like very strong pungent cheese and no other flavors, get the lasagna.",349 contributions,0.8121,0.131,0.79,0.079,Positive,Nov 2019,None
Be careful of the pricing and check your bill,Nov 2019 ‚Ä¢ Family,"Visited Joeys last week with family and friends, the food and service was Ok. When the bill came we had been over charged for a simple pasta dish (penne pasta with Broccoli) but instead of correcting the issue an angry little man who was an apparent manager came to the table and decided to double down on the charge and state how ‚ÄúIf I have to pay for it, so do you‚Äù. He wouldn‚Äôt listen and decided to just speak over us while asking him to explain how a simple dish containing no meat and just a simple vegetable could cost more than other dishes that some of our party had chosen. We been visiting Marco for years and would pay a visit to Joeys however, following this latest trip I won‚Äôt be visiting again.",,-0.5647,0.051,0.864,0.085,Negative,Nov 2019,Family
